<?xml version="1.0" encoding="utf-8"?>
<metadata>
	<layout title="TPL_BASE_COM_CONTENT_FEATURED_VIEW_BASE_TITLE" option="TPL_BASE_COM_CONTENT_FEATURED_VIEW_BASE_OPTION">
		<help
			key = "JHELP_MENUS_MENU_ITEM_ARTICLE_FEATURED"
		/>
		<message>
			<![CDATA[TPL_BASE_COM_CONTENT_FEATURED_VIEW_BASE_DESC]]>
		</message>
	</layout>

	<!-- Add fields to the request variables for the layout. -->
	<fields name="request">
		<fieldset name="request"
		 >
			<field
			name="featured_categories"
			type="category"
			extension="com_content"
			multiple="true"
			size="10"
			default=""
			label="COM_CONTENT_FEATURED_CATEGORIES_LABEL"
			description="COM_CONTENT_FEATURED_CATEGORIES_DESC" >
			<option value="">JOPTION_ALL_CATEGORIES</option>
			</field>
			
		</fieldset>
	</fields>
	
	<!-- Add fields to the parameters object for the layout. -->
	<fields name="params">
		
		<fieldset name="advanced" label="TPL_BASE_COM_CONTENT_CATEGORY_VIEW_BASE_LAYOUT_OPTIONS">

			<field name="layout_type"
				type="hidden"
				default="blog"
			/>

			
			<field name="gallerylayout" type="spacer" class="text" label="JGLOBAL_SUBSLIDER_BLOG_LAYOUT_LABEL" />


			<field name="num_leading_articles" type="text"
				description="JGLOBAL_NUM_LEADING_ARTICLES_DESC"
				label="JGLOBAL_NUM_LEADING_ARTICLES_LABEL"
				size="3"
			/>

			<field name="num_intro_articles" type="text"
				description="JGLOBAL_NUM_INTRO_ARTICLES_DESC"
				label="JGLOBAL_NUM_INTRO_ARTICLES_LABEL"
				size="3"
			/>

			<field name="num_columns" type="text"
				description="JGLOBAL_NUM_COLUMNS_DESC"
				label="JGLOBAL_NUM_COLUMNS_LABEL"
				size="3"
			/>

			<field name="num_links" type="text"
				description="JGLOBAL_NUM_LINKS_DESC"
				label="JGLOBAL_NUM_LINKS_LABEL"
				size="3"
			/>

			<field name="multi_column_order" type="list"
				description="JGLOBAL_MULTI_COLUMN_ORDER_DESC"
				label="JGLOBAL_MULTI_COLUMN_ORDER_LABEL"
			>
				<option value="">JGLOBAL_USE_GLOBAL</option>
				<option value="0">JGLOBAL_DOWN</option>
				<option value="1">JGLOBAL_ACROSS</option>
			</field>

			<field name="subcategories" type="spacer" class="spacer"
					label="JGLOBAL_SUBSLIDER_BLOG_EXTENDED_LABEL"
			/>

			<field name="show_subcategory_content" type="list"

				description="JGLOBAL_SHOW_SUBCATEGORY_CONTENT_DESC"
				label="JGLOBAL_SHOW_SUBCATEGORY_CONTENT_LABEL"
			>
				<option value="">JGLOBAL_USE_GLOBAL</option>
				<option value="0">JNONE</option>
				<option value="-1">JALL</option>
				<option value="1">J1</option>
				<option value="2">J2</option>
				<option value="3">J3</option>
				<option value="4">J4</option>
				<option value="5">J5</option>
			</field>

			
			<field name="galleryheading" type="spacer" class="text"
					label="TPL_BASE_COM_CONTENT_CATEGORY_VIEW_BASE_SUBSLIDER_HEADING_LABEL"
			/>


			<field name="lead_layout" 
				type="radio"
				class="btn-group"
				description="TPL_BASE_COM_CONTENT_CATEGORY_VIEW_BASE_LEAD_LAYOUT_DESC"
				label="TPL_BASE_COM_CONTENT_CATEGORY_VIEW_BASE_LEAD_LAYOUT_LABEL"
				default="0"
			>
				<option value="0">TPL_BASE_COM_CONTENT_CATEGORY_VIEW_BASE_DEFAULT</option>
				<option value="1">TPL_BASE_COM_CONTENT_CATEGORY_VIEW_BASE_SLIDER</option>
			</field>

			<field name="enable_slide" 
				type="radio"
				class="btn-group"
				description="TPL_BASE_COM_CONTENT_CATEGORY_VIEW_BASE_ENABLE_SLIDE_DESC"
				label="TPL_BASE_COM_CONTENT_CATEGORY_VIEW_BASE_ENABLE_SLIDE_LABEL"
				default="0"
			>
				<option value="0">JNO</option>
				<option value="1">JYES</option>
			</field>

			<field name="lead_show_title" 
				type="radio"
				class="btn-group"
				description="JGLOBAL_SHOW_TITLE_DESC"
				label="JGLOBAL_SHOW_TITLE_LABEL"
				default="1"
			>
				<option value="0">JHIDE</option>
				<option value="1">JSHOW</option>
			</field>

			<field name="lead_title_position" 
				type="list"
				label="TPL_BASE_COM_CONTENT_CATEGORY_VIEW_BASE_TITLE_POS_LABEL"
				description="TPL_BASE_COM_CONTENT_CATEGORY_VIEW_BASE_TITLE_POS_DESC"
				default="1"
				>
				<option value="0">TPL_BASE_COM_CONTENT_CATEGORY_VIEW_BASE_TITLE_POS_BEFORE_IMAGE</option>
				<option value="1">TPL_BASE_COM_CONTENT_CATEGORY_VIEW_BASE_TITLE_POS_AFTER_IMAGE</option>
			</field>

			<field name="lead_title_size" 
				type="text" class="input-mini"
				label="TPL_BASE_COM_CONTENT_CATEGORY_VIEW_BASE_TITLE_SIZE_LABEL"
				description="TPL_BASE_COM_CONTENT_CATEGORY_VIEW_BASE_TITLE_SIZE_DESC"
				default="1.6em" />

			<field name="lead_info_position" 
				type="list"
				label="TPL_BASE_COM_CONTENT_CATEGORY_VIEW_BASE_INFO_POS_LABEL"
				description="TPL_BASE_COM_CONTENT_CATEGORY_VIEW_BASE_INFO_POS_DESC"
				default="1"
				>
				<option value="1">TPL_BASE_COM_CONTENT_CATEGORY_VIEW_BASE_INFO_POS_BEFORE_TITLE</option>
				<option value="2">TPL_BASE_COM_CONTENT_CATEGORY_VIEW_BASE_INFO_POS_AFTER_TITLE</option>
				<option value="3">TPL_BASE_COM_CONTENT_CATEGORY_VIEW_BASE_INFO_POS_AFTER_INTRO</option>
			</field>
			
			<field name="lead_show_item_category" 
				type="radio"
				class="btn-group"
				label="TPL_BASE_COM_CONTENT_CATEGORY_VIEW_BASE_SHOW_ITEM_CATEGORY_LABEL"
				description="TPL_BASE_COM_CONTENT_CATEGORY_VIEW_BASE_SHOW_ITEM_CATEGORY_DESC"
				default="0"
				>
				<option value="0">JHIDE</option>
				<option value="1">JSHOW</option>
			</field>

			<field name="lead_show_author" 
				type="radio"
				class="btn-group"
				description="JGLOBAL_SHOW_AUTHOR_DESC"
				label="JGLOBAL_SHOW_AUTHOR_LABEL"
				default="0"
				>
				<option value="0">JHIDE</option>
				<option value="1">JSHOW</option>
			</field>
					
			<field name="lead_show_date" 
				type="radio"
				class="btn-group"
				description="JGLOBAL_SHOW_PUBLISH_DATE_DESC"
				label="JGLOBAL_SHOW_PUBLISH_DATE_LABEL"
				default="0"
				>
				<option value="0">JHIDE</option>
				<option value="1">JSHOW</option>
			</field>

			<field name="lead_date_format" 
				type="text" class="input-mini"
				label="TPL_BASE_COM_CONTENT_CATEGORY_VIEW_BASE_DATE_FORMAT_LABEL"
				description="TPL_BASE_COM_CONTENT_CATEGORY_VIEW_BASE_DATE_FORMAT_DESC"
				default="d F Y" />
					
			<field name="lead_show_hits" 
				type="radio"
				class="btn-group"
				description="JGLOBAL_SHOW_HITS_DESC"
				label="JGLOBAL_SHOW_HITS_LABEL"
				default="0"
				>
				<option value="0">JHIDE</option>
				<option value="1">JSHOW</option>
			</field>
					
			<field name="lead_show_tags" 
				type="radio"
				class="btn-group"
				description="JGLOBAL_SHOW_TAGS_DESC"
				label="JGLOBAL_SHOW_TAGS_LABEL"
				default="0"
				>
				<option value="0">JHIDE</option>
				<option value="1">JSHOW</option>
			</field>
					
			<field name="lead_show_plugins" 
				type="radio"
				class="btn-group"
				label="TPL_BASE_COM_CONTENT_CATEGORY_VIEW_BASE_SHOW_PLUGINS_LABEL"
				description="TPL_BASE_COM_CONTENT_CATEGORY_VIEW_BASE_SHOW_PLUGINS_DESC"
				default="0"
				>
				<option value="0">JHIDE</option>
				<option value="1">JSHOW</option>
			</field>
					
			<field name="lead_show_item_description" 
				type="radio"
				class="btn-group"
				label="TPL_BASE_COM_CONTENT_CATEGORY_VIEW_BASE_SHOW_ITEM_DESCRIPTION_LABEL"
				description="TPL_BASE_COM_CONTENT_CATEGORY_VIEW_BASE_SHOW_ITEM_DESCRIPTION_DESC"
				default="0"
				>
				<option value="0">JHIDE</option>
				<option value="1">JSHOW</option>
			</field>

			<field name="lead_intro_length" type="text" size="4" class="input-mini"
					label="TPL_BASE_COM_CONTENT_CATEGORY_VIEW_BASE_INTRO_LENGTH_LABEL"
					description="TPL_BASE_COM_CONTENT_CATEGORY_VIEW_BASE_INTRO_LENGTH_DESC" />
					
			<field name="lead_show_image" 
				type="radio"
				class="btn-group"
				label="TPL_BASE_COM_CONTENT_CATEGORY_VIEW_BASE_SHOW_IMAGE_LABEL"
				description="TPL_BASE_COM_CONTENT_CATEGORY_VIEW_BASE_SHOW_IMAGE_DESC"
				default="1"
				>
				<option value="0">JHIDE</option>
				<option value="1">JSHOW</option>
				<option value="2">TPL_BASE_COM_CONTENT_CATEGORY_VIEW_BASE_SHOW_IMAGE_INTRO</option>
			</field>

			<field name="lead_force_image_float" type="list"
				label="TPL_BASE_COM_CONTENT_CATEGORY_VIEW_BASE_FORCE_IMAGE_FLOAT_LABEL"
				description="TPL_BASE_COM_CONTENT_CATEGORY_VIEW_BASE_FORCE_IMAGE_FLOAT_DESC"
				>
				<option value="">JGLOBAL_USE_GLOBAL</option>
				<option value="right">COM_CONTENT_RIGHT</option>
				<option value="left">COM_CONTENT_LEFT</option>
				<option value="center">TPL_BASE_COM_CONTENT_CATEGORY_VIEW_BASE_CENTER</option>
			</field>

			<field name="lead_image_width" type="text" size="4" class="input-mini"
					label="TPL_BASE_COM_CONTENT_CATEGORY_VIEW_BASE_IMAGE_WIDTH_LABEL"
					description="TPL_BASE_COM_CONTENT_CATEGORY_VIEW_BASE_IMAGE_WIDTH_DESC" />
					
			<field name="lead_image_height" type="text" size="4" class="input-mini"
					label="TPL_BASE_COM_CONTENT_CATEGORY_VIEW_BASE_IMAGE_HEIGHT_LABEL"
					description="TPL_BASE_COM_CONTENT_CATEGORY_VIEW_BASE_IMAGE_HEIGHT_DESC" />

			<field name="lead_image_style" type="text"
					label="TPL_BASE_COM_CONTENT_CATEGORY_VIEW_BASE_IMAGE_STYLE_LABEL"
					description="TPL_BASE_COM_CONTENT_CATEGORY_VIEW_BASE_IMAGE_STYLE_DESC" />
			
			<field name="lead_image_default" class="" type="media" default=""
					label="TPL_BASE_COM_CONTENT_CATEGORY_VIEW_BASE_IMAGE_DEFAULT_LABEL"
					description="TPL_BASE_COM_CONTENT_CATEGORY_VIEW_BASE_IMAGE_DEFAULT_DESC" />
					
			<field name="lead_image_zoom" 
				type="radio"
				class="btn-group"
				label="TPL_BASE_COM_CONTENT_CATEGORY_VIEW_BASE_IMAGE_ZOOM_LABEL"
				description="TPL_BASE_COM_CONTENT_CATEGORY_VIEW_BASE_IMAGE_ZOOM_DESC"
				default="0"
			>
				<option value="0">JNO</option>
				<option value="1">JYES</option>
			</field>

			
			<field name="galleryintro" type="spacer" class="text" label="TPL_BASE_COM_CONTENT_CATEGORY_VIEW_BASE_SUBSLIDER_INTRO_LABEL" />

			
			<field
				name="item_layout"
				type="radio"
				class="btn-group"
				default="0"
				label="TPL_BASE_COM_CONTENT_CATEGORY_VIEW_BASE_SHOW_ITEM_LAYOUT_LABEL"
				description="TPL_BASE_COM_CONTENT_CATEGORY_VIEW_BASE_SHOW_ITEM_LAYOUT_DESC">
				<option value="0">TPL_BASE_COM_CONTENT_CATEGORY_VIEW_BASE_DEFAULT</option>
				<option value="1">TPL_BASE_COM_CONTENT_CATEGORY_VIEW_BASE_LIST</option>
				<option value="2">TPL_BASE_COM_CONTENT_CATEGORY_VIEW_BASE_INBOX</option>
				<option value="3">TPL_BASE_COM_CONTENT_CATEGORY_VIEW_BASE_ALBUM</option>
			</field>
 
			<field
				name="list_type"
				type="radio"
				class="btn-group"
				default="list-md"
				label="TPL_BASE_COM_CONTENT_CATEGORY_VIEW_BASE_LIST_TYPE_LABEL"
				description="TPL_BASE_COM_CONTENT_CATEGORY_VIEW_BASE_LIST_TYPE_DESC">
				<option value="list-md">TPL_BASE_COM_CONTENT_CATEGORY_VIEW_BASE_DEFAULT</option>
				<option value="list-sm">TPL_BASE_COM_CONTENT_CATEGORY_VIEW_BASE_COMPACT</option>
				<option value="list-lg">TPL_BASE_COM_CONTENT_CATEGORY_VIEW_BASE_EXPANDED</option>
			</field>
			
			<field name="intro_show_title" 
				type="radio"
				class="btn-group"
				description="JGLOBAL_SHOW_TITLE_DESC"
				label="JGLOBAL_SHOW_TITLE_LABEL"
				default="1"
			>
				<option value="0">JHIDE</option>
				<option value="1">JSHOW</option>
			</field>

			<field name="title_position" 
				type="list"
				label="TPL_BASE_COM_CONTENT_CATEGORY_VIEW_BASE_TITLE_POS_LABEL"
				description="TPL_BASE_COM_CONTENT_CATEGORY_VIEW_BASE_TITLE_POS_DESC"
				default="1"
				>
				<option value="0">TPL_BASE_COM_CONTENT_CATEGORY_VIEW_BASE_TITLE_POS_BEFORE_IMAGE</option>
				<option value="1">TPL_BASE_COM_CONTENT_CATEGORY_VIEW_BASE_TITLE_POS_AFTER_IMAGE</option>
			</field>

			<field name="title_size" 
				type="text" class="input-mini"
				label="TPL_BASE_COM_CONTENT_CATEGORY_VIEW_BASE_TITLE_SIZE_LABEL"
				description="TPL_BASE_COM_CONTENT_CATEGORY_VIEW_BASE_TITLE_SIZE_DESC"
				default="1.2em" />

			<field name="title_length" type="text" size="4" class="input-mini"
					label="TPL_BASE_COM_CONTENT_CATEGORY_VIEW_BASE_TITLE_LENGTH_LABEL"
					description="TPL_BASE_COM_CONTENT_CATEGORY_VIEW_BASE_TITLE_LENGTH_DESC" />

			<field name="title_height" type="text" size="4" class="input-mini"
					label="TPL_BASE_COM_CONTENT_CATEGORY_VIEW_BASE_TITLE_MIN_HEIGHT_LABEL"
					description="TPL_BASE_COM_CONTENT_CATEGORY_VIEW_BASE_TITLE_MIN_HEIGHT_DESC" />

			<field name="info_position" 
				type="list"
				label="TPL_BASE_COM_CONTENT_CATEGORY_VIEW_BASE_INFO_POS_LABEL"
				description="TPL_BASE_COM_CONTENT_CATEGORY_VIEW_BASE_INFO_POS_DESC"
				default="1"
				>
				<option value="1">TPL_BASE_COM_CONTENT_CATEGORY_VIEW_BASE_INFO_POS_BEFORE_TITLE</option>
				<option value="2">TPL_BASE_COM_CONTENT_CATEGORY_VIEW_BASE_INFO_POS_AFTER_TITLE</option>
				<option value="3">TPL_BASE_COM_CONTENT_CATEGORY_VIEW_BASE_INFO_POS_AFTER_INTRO</option>
			</field>
					
			<field name="show_item_category" 
				type="radio"
				class="btn-group"
				label="TPL_BASE_COM_CONTENT_CATEGORY_VIEW_BASE_SHOW_ITEM_CATEGORY_LABEL"
				description="TPL_BASE_COM_CONTENT_CATEGORY_VIEW_BASE_SHOW_ITEM_CATEGORY_DESC"
				default="0"
				>
				<option value="0">JHIDE</option>
				<option value="1">JSHOW</option>
			</field>

			<field name="intro_show_author" 
				type="radio"
				class="btn-group"
				description="JGLOBAL_SHOW_AUTHOR_DESC"
				label="JGLOBAL_SHOW_AUTHOR_LABEL"
				default="0"
				>
				<option value="0">JHIDE</option>
				<option value="1">JSHOW</option>
			</field>
					
			<field name="intro_show_date" 
				type="radio"
				class="btn-group"
				description="JGLOBAL_SHOW_PUBLISH_DATE_DESC"
				label="JGLOBAL_SHOW_PUBLISH_DATE_LABEL"
				default="0"
				>
				<option value="0">JHIDE</option>
				<option value="1">JSHOW</option>
			</field>

			<field name="intro_date_format" 
				type="text" class="input-mini"
				label="TPL_BASE_COM_CONTENT_CATEGORY_VIEW_BASE_DATE_FORMAT_LABEL"
				description="TPL_BASE_COM_CONTENT_CATEGORY_VIEW_BASE_DATE_FORMAT_DESC"
				default="d.m.Y" />
					
			<field name="intro_show_hits" 
				type="radio"
				class="btn-group"
				description="JGLOBAL_SHOW_HITS_DESC"
				label="JGLOBAL_SHOW_HITS_LABEL"
				default="0"
				>
				<option value="0">JHIDE</option>
				<option value="1">JSHOW</option>
			</field>
					
			<field name="intro_show_tags" 
				type="radio"
				class="btn-group"
				description="JGLOBAL_SHOW_TAGS_DESC"
				label="JGLOBAL_SHOW_TAGS_LABEL"
				default="0"
				>
				<option value="0">JHIDE</option>
				<option value="1">JSHOW</option>
			</field>
					
			<field name="show_plugins" 
				type="radio"
				class="btn-group"
				label="TPL_BASE_COM_CONTENT_CATEGORY_VIEW_BASE_SHOW_PLUGINS_LABEL"
				description="TPL_BASE_COM_CONTENT_CATEGORY_VIEW_BASE_SHOW_PLUGINS_DESC"
				default="0"
				>
				<option value="0">JHIDE</option>
				<option value="1">JSHOW</option>
			</field>
					
			<field name="show_item_description" 
				type="radio"
				class="btn-group"
				label="TPL_BASE_COM_CONTENT_CATEGORY_VIEW_BASE_SHOW_ITEM_DESCRIPTION_LABEL"
				description="TPL_BASE_COM_CONTENT_CATEGORY_VIEW_BASE_SHOW_ITEM_DESCRIPTION_DESC"
				default="0"
				>
				<option value="0">JHIDE</option>
				<option value="1">JSHOW</option>
				<option value="2">TPL_BASE_COM_CONTENT_CATEGORY_VIEW_BASE_ITEM_DESCRIPTION_READMORE</option>
			</field>
					
			<field name="item_description_position" 
				type="radio"
				class="btn-group"
				label="TPL_BASE_COM_CONTENT_CATEGORY_VIEW_BASE_POSITION"
				description="TPL_BASE_COM_CONTENT_CATEGORY_VIEW_BASE_ITEM_DESCRIPTION_DESC"
				default="0"
				>
				<option value="0">TPL_BASE_COM_CONTENT_CATEGORY_VIEW_BASE_DEFAULT</option>
				<option value="1">TPL_BASE_COM_CONTENT_CATEGORY_VIEW_BASE_INSIDE_HEADER</option>
			</field>

			<field name="intro_length" type="text" size="4" class="input-mini"
					label="TPL_BASE_COM_CONTENT_CATEGORY_VIEW_BASE_INTRO_LENGTH_LABEL"
					description="TPL_BASE_COM_CONTENT_CATEGORY_VIEW_BASE_INTRO_LENGTH_DESC" />

			<field name="min_height" type="text" size="4" class="input-mini"
				label="TPL_BASE_COM_CONTENT_CATEGORY_VIEW_BASE_MIN_HEIGHT_LABEL"
				description="TPL_BASE_COM_CONTENT_CATEGORY_VIEW_BASE_MIN_HEIGHT_DESC" />

			<field name="max_height" type="text" size="4" class="input-mini"
				label="TPL_BASE_COM_CONTENT_CATEGORY_VIEW_BASE_MAX_HEIGHT_LABEL"
				description="TPL_BASE_COM_CONTENT_CATEGORY_VIEW_BASE_MAX_HEIGHT_DESC" />
			
			
			<field name="show_image" 
				type="radio"
				class="btn-group strong"
				label="TPL_BASE_COM_CONTENT_CATEGORY_VIEW_BASE_SHOW_IMAGE_LABEL"
				description="TPL_BASE_COM_CONTENT_CATEGORY_VIEW_BASE_SHOW_IMAGE_DESC"
				default="1"
				>
				<option value="0">JHIDE</option>
				<option value="1">JSHOW</option>
				<option value="2">TPL_BASE_COM_CONTENT_CATEGORY_VIEW_BASE_SHOW_IMAGE_INTRO</option>
			</field>

			<field name="force_image_float" type="list"
				label="TPL_BASE_COM_CONTENT_CATEGORY_VIEW_BASE_FORCE_IMAGE_FLOAT_LABEL"
				description="TPL_BASE_COM_CONTENT_CATEGORY_VIEW_BASE_FORCE_IMAGE_FLOAT_DESC"
				>
				<option value="">JGLOBAL_USE_GLOBAL</option>
				<option value="right">COM_CONTENT_RIGHT</option>
				<option value="left">COM_CONTENT_LEFT</option>
				<option value="center">TPL_BASE_COM_CONTENT_CATEGORY_VIEW_BASE_CENTER</option>
			</field>

			<field name="image_width" type="text" size="4" class="input-mini"
					label="TPL_BASE_COM_CONTENT_CATEGORY_VIEW_BASE_IMAGE_WIDTH_LABEL"
					description="TPL_BASE_COM_CONTENT_CATEGORY_VIEW_BASE_IMAGE_WIDTH_DESC" />
					
			<field name="image_height" type="text" size="4" class="input-mini"
					label="TPL_BASE_COM_CONTENT_CATEGORY_VIEW_BASE_IMAGE_HEIGHT_LABEL"
					description="TPL_BASE_COM_CONTENT_CATEGORY_VIEW_BASE_IMAGE_HEIGHT_DESC" />

			<field name="image_style" type="text"
					label="TPL_BASE_COM_CONTENT_CATEGORY_VIEW_BASE_IMAGE_STYLE_LABEL"
					description="TPL_BASE_COM_CONTENT_CATEGORY_VIEW_BASE_IMAGE_STYLE_DESC" />
					
			<field name="image_default" class="" type="media" default=""
					label="TPL_BASE_COM_CONTENT_CATEGORY_VIEW_BASE_IMAGE_DEFAULT_LABEL"
					description="TPL_BASE_COM_CONTENT_CATEGORY_VIEW_BASE_IMAGE_DEFAULT_DESC" />
					
			<field name="image_zoom" 
				type="radio"
				class="btn-group"
				label="TPL_BASE_COM_CONTENT_CATEGORY_VIEW_BASE_IMAGE_ZOOM_LABEL"
				description="TPL_BASE_COM_CONTENT_CATEGORY_VIEW_BASE_IMAGE_ZOOM_DESC"
				default="0"
			>
				<option value="0">JNO</option>
				<option value="1">JYES</option>
			</field>

			
			<field name="galleryextras" type="spacer" class="text" label="TPL_BASE_COM_CONTENT_CATEGORY_VIEW_BASE_SUBSLIDER_EXTRAS_LABEL" />
			
						
			<field name="readmore" type="spacer" class="text" label="TPL_BASE_COM_CONTENT_CATEGORY_VIEW_BASE_READMORE_LABEL" />		
			
			<field name="force_readmore" 
				type="radio"
				class="btn-group"
				label="TPL_BASE_COM_CONTENT_CATEGORY_VIEW_BASE_FORCE_READMORE_LABEL"
				description="TPL_BASE_COM_CONTENT_CATEGORY_VIEW_BASE_FORCE_READMORE_DESC"
				default="0"
			>
				<option value="0">JNO</option>
				<option value="1">JYES</option>
			</field>

			<field name="show_readmore_text" type="text" filter="raw"
				label="TPL_BASE_COM_CONTENT_CATEGORY_VIEW_BASE_READMORE_TEXT_LABEL"
				description="TPL_BASE_COM_CONTENT_CATEGORY_VIEW_BASE_READMORE_TEXT_DESC" />

			<field name="readmore_style" type="text"
					label="TPL_BASE_COM_CONTENT_CATEGORY_VIEW_BASE_READMORE_STYLE_LABEL"
					description="TPL_BASE_COM_CONTENT_CATEGORY_VIEW_BASE_READMORE_STYLE_DESC" />
			
						
			<field name="tags" type="spacer" class="text" label="TPL_BASE_COM_CONTENT_CATEGORY_VIEW_BASE_TAGS_LABEL" />		
			
			<field name="tags_label" type="text"
				label="TPL_BASE_COM_CONTENT_CATEGORY_VIEW_BASE_TAGS_LABEL_LABEL"
				description="TPL_BASE_COM_CONTENT_CATEGORY_VIEW_BASE_TAGS_LABEL_DESC" />
						
			<field name="slider" type="spacer" class="text" label="TPL_BASE_COM_CONTENT_CATEGORY_VIEW_BASE_SLIDER_LABEL" />				
			
			<field name="slide_mode" 
				type="radio"
				class="btn-group"
				label="TPL_BASE_COM_CONTENT_CATEGORY_VIEW_BASE_SLIDE_MODE_LABEL"
				description="TPL_BASE_COM_CONTENT_CATEGORY_VIEW_BASE_SLIDE_MODE_DESC"
				default="fade"
			>
				<option value="fade">Fade</option>
				<option value="horizontal">Horizontal</option>
			</field>
			
			<field name="slide_caption" 
				type="radio"
				class="btn-group"
				label="TPL_BASE_COM_CONTENT_CATEGORY_VIEW_BASE_SLIDE_CAPTION_LABEL"
				description="TPL_BASE_COM_CONTENT_CATEGORY_VIEW_BASE_SLIDE_CAPTION_DESC"
				default="1"
			>
				<option value="0">JNO</option>
				<option value="1">JYES</option>
			</field>

			<field name="slide_nav" 
				type="radio"
				class="btn-group"
				label="TPL_BASE_COM_CONTENT_CATEGORY_VIEW_BASE_SLIDE_NAV_LABEL"
				description="TPL_BASE_COM_CONTENT_CATEGORY_VIEW_BASE_SLIDE_NAV_DESC"
				default="0"
			>
				<option value="0">JNO</option>
				<option value="1">JYES</option>
			</field>

			<field name="slide_pager" 
				type="radio"
				class="btn-group"
				label="TPL_BASE_COM_CONTENT_CATEGORY_VIEW_BASE_SLIDE_PAGER_LABEL"
				description="TPL_BASE_COM_CONTENT_CATEGORY_VIEW_BASE_SLIDE_PAGER_DESC"
				default="1"
			>
				<option value="0">JNO</option>
				<option value="1">JYES</option>
			</field>

			<field name="slide_controls" 
				type="radio"
				class="btn-group"
				label="TPL_BASE_COM_CONTENT_CATEGORY_VIEW_BASE_SLIDE_CONTROLS_LABEL"
				description="TPL_BASE_COM_CONTENT_CATEGORY_VIEW_BASE_SLIDE_CONTROLS_DESC"
				default="0"
			>
				<option value="0">JNO</option>
				<option value="1">JYES</option>
			</field>

			<field name="slide_auto" 
				type="radio"
				class="btn-group"
				label="TPL_BASE_COM_CONTENT_CATEGORY_VIEW_BASE_SLIDE_AUTO_LABEL"
				description="TPL_BASE_COM_CONTENT_CATEGORY_VIEW_BASE_SLIDE_AUTO_DESC"
				default="1"
			>
				<option value="0">JNO</option>
				<option value="1">JYES</option>
			</field>

			<field name="slide_pause" type="text" class="input-small"
				label="TPL_BASE_COM_CONTENT_CATEGORY_VIEW_BASE_SLIDE_PAUSE_LABEL"
				description="TPL_BASE_COM_CONTENT_CATEGORY_VIEW_BASE_SLIDE_PAUSE_DESC"
				default="7000" />
			
						
			<field name="content" type="spacer" class="text" label="TPL_BASE_COM_CONTENT_CATEGORY_VIEW_BASE_POST_LABEL" />	
			
			<field name="content_mode" 
				type="radio"
				class="btn-group"
				label="TPL_BASE_COM_CONTENT_CATEGORY_VIEW_BASE_POST_MODE_LABEL"
				description="TPL_BASE_COM_CONTENT_CATEGORY_VIEW_BASE_POST_MODE_DESC"
				default="0"
			>
				<option value="0">TPL_BASE_COM_CONTENT_CATEGORY_VIEW_BASE_DEFAULT</option>
				<option value="1">TPL_BASE_COM_CONTENT_CATEGORY_VIEW_BASE_POST_MODE_MODAL</option>
				<option value="2">TPL_BASE_COM_CONTENT_CATEGORY_VIEW_BASE_POST_MODE_CUSTOM</option>
			</field>

			<field name="modal_header" 
				type="radio"
				class="btn-group"
				label="TPL_BASE_COM_CONTENT_CATEGORY_VIEW_BASE_MODAL_HEADER_LABEL"
				description="TPL_BASE_COM_CONTENT_CATEGORY_VIEW_BASE_MODAL_HEADER_DESC"
				default="1"
			>
				<option value="0">JNO</option>
				<option value="1">JYES</option>
			</field>

			<field name="modal_width" type="text"
				label="TPL_BASE_COM_CONTENT_CATEGORY_VIEW_BASE_MODAL_WIDTH_LABEL"
				description="TPL_BASE_COM_CONTENT_CATEGORY_VIEW_BASE_MODAL_WIDTH_DESC" />

			<field name="modal_height" type="text"
				label="TPL_BASE_COM_CONTENT_CATEGORY_VIEW_BASE_MODAL_HEIGHT_LABEL"
				description="TPL_BASE_COM_CONTENT_CATEGORY_VIEW_BASE_MODAL_HEIGHT_DESC" />
						
			
			<field name="navtype" type="spacer" class="text" label="TPL_BASE_COM_CONTENT_CATEGORY_VIEW_BASE_PAGINATION_LABEL" />	
			
			<field name="pagination_type" 
				type="radio"
				class="btn-group"
				label="TPL_BASE_COM_CONTENT_CATEGORY_VIEW_BASE_PAGINATION_TYPE_LABEL"
				description="TPL_BASE_COM_CONTENT_CATEGORY_VIEW_BASE_PAGINATION_TYPE_DESC"
				default="0"
			>
				<option value="0">TPL_BASE_COM_CONTENT_CATEGORY_VIEW_BASE_DEFAULT</option>
				<option value="1">TPL_BASE_COM_CONTENT_CATEGORY_VIEW_BASE_PAGINATION_INFINITY</option>
			</field>
			
			
			<field name="gallerynav" type="spacer" class="text" label="TPL_BASE_COM_CONTENT_CATEGORY_VIEW_BASE_SUBSLIDER_NAV_LABEL" />
					
			
			<field name="orderby_pri" type="list"
				description="JGLOBAL_CATEGORY_ORDER_DESC"
				label="JGLOBAL_CATEGORY_ORDER_LABEL"
			>
				<option value="">JGLOBAL_USE_GLOBAL</option>
				<option value="none">JGLOBAL_NO_ORDER</option>
				<option value="alpha">JGLOBAL_TITLE_ALPHABETICAL</option>
				<option value="ralpha">JGLOBAL_TITLE_REVERSE_ALPHABETICAL</option>
				<option value="order">JGLOBAL_CATEGORY_MANAGER_ORDER</option>
			</field>

			<field name="orderby_sec" type="list"
				description="JGLOBAL_ARTICLE_ORDER_DESC"
				label="JGLOBAL_ARTICLE_ORDER_LABEL"
			>
				<option value="">JGLOBAL_USE_GLOBAL</option>
				<option value="front">COM_CONTENT_FEATURED_ORDER</option>
				<option value="rdate">JGLOBAL_MOST_RECENT_FIRST</option>
				<option value="date">JGLOBAL_OLDEST_FIRST</option>
				<option value="alpha">JGLOBAL_TITLE_ALPHABETICAL</option>
				<option value="ralpha">JGLOBAL_TITLE_REVERSE_ALPHABETICAL</option>
				<option value="author">JGLOBAL_AUTHOR_ALPHABETICAL</option>
				<option value="rauthor">JGLOBAL_AUTHOR_REVERSE_ALPHABETICAL</option>
				<option value="hits">JGLOBAL_MOST_HITS</option>
				<option value="rhits">JGLOBAL_LEAST_HITS</option>
				<option value="order">JGLOBAL_ORDERING</option>
			</field>

			<field name="order_date" type="list"
				description="JGLOBAL_ORDERING_DATE_DESC"
				label="JGLOBAL_ORDERING_DATE_LABEL"
			>
				<option value="">JGLOBAL_USE_GLOBAL</option>
				<option value="created">JGLOBAL_CREATED</option>
				<option value="modified">JGLOBAL_MODIFIED</option>
				<option value="published">JPUBLISHED</option>
			</field>

			<field name="show_pagination" type="list"
				description="JGLOBAL_PAGINATION_DESC"
				label="JGLOBAL_PAGINATION_LABEL"
			>
				<option value="">JGLOBAL_USE_GLOBAL</option>
				<option value="0">JHIDE</option>
				<option value="1">JSHOW</option>
				<option value="2">JGLOBAL_AUTO</option>
			</field>

			<field name="show_pagination_results" type="list"
				label="JGLOBAL_PAGINATION_RESULTS_LABEL"
				description="JGLOBAL_PAGINATION_RESULTS_DESC">

				<option value="">JGLOBAL_USE_GLOBAL</option>
				<option value="0">JHIDE</option>
				<option value="1">JSHOW</option>
			</field>

		</fieldset>

		<fieldset name="article" label="COM_CONTENT_ATTRIBS_FIELDSET_LABEL">
			<field name="show_title" type="list"
				description="JGLOBAL_SHOW_TITLE_DESC"
				label="JGLOBAL_SHOW_TITLE_LABEL"
			>
				<option value="">JGLOBAL_USE_GLOBAL</option>
				<option value="use_article">COM_CONTENT_FIELD_VALUE_USE_ARTICLE_SETTINGS</option>
				<option value="0">JHIDE</option>
				<option value="1">JSHOW</option>
			</field>

			<field name="link_titles" type="list"
				description="JGLOBAL_LINKED_TITLES_DESC"
				label="JGLOBAL_LINKED_TITLES_LABEL"
			>
				<option value="">JGLOBAL_USE_GLOBAL</option>
				<option value="use_article">COM_CONTENT_FIELD_VALUE_USE_ARTICLE_SETTINGS</option>
				<option value="0">JNO</option>
				<option value="1">JYES</option>
			</field>
			
					
			<field name="post_image_zoom" 
				type="radio"
				class="btn-group"
				label="TPL_BASE_COM_CONTENT_CATEGORY_VIEW_BASE_POST_IMAGE_ACTION_LABEL"
				description="TPL_BASE_COM_CONTENT_CATEGORY_VIEW_BASE_POST_IMAGE_ACTION_DESC"
				default="1"
			>
				<option value="0">JNO</option>
				<option value="1">TPL_BASE_COM_CONTENT_CATEGORY_VIEW_BASE_FORCE_MODAL_LABEL</option>
				<option value="2">TPL_BASE_COM_CONTENT_CATEGORY_VIEW_BASE_IMAGE_POST_ZOOM_LABEL</option>
			</field>

			<field name="show_intro" type="list"
				description="JGLOBAL_SHOW_INTRO_DESC"
				label="JGLOBAL_SHOW_INTRO_LABEL"
			>
				<option value="">JGLOBAL_USE_GLOBAL</option>
				<option value="use_article">COM_CONTENT_FIELD_VALUE_USE_ARTICLE_SETTINGS</option>
				<option value="0">JHIDE</option>
				<option value="1">JSHOW</option>
			</field>

			<field
				name="info_block_position"
				type="list"
				default="0"
				label="COM_CONTENT_FIELD_INFOBLOCK_POSITION_LABEL"
				description="COM_CONTENT_FIELD_INFOBLOCK_POSITION_DESC">
				<option value="">JGLOBAL_USE_GLOBAL</option>
				<option value="use_article">COM_CONTENT_FIELD_VALUE_USE_ARTICLE_SETTINGS</option>
				<option value="0">COM_CONTENT_FIELD_OPTION_ABOVE</option>
				<option value="1">COM_CONTENT_FIELD_OPTION_BELOW</option>
				<option value="2">COM_CONTENT_FIELD_OPTION_SPLIT</option>
			</field>

			<field name="show_category" type="list"
				description="JGLOBAL_SHOW_CATEGORY_DESC"
				label="JGLOBAL_SHOW_CATEGORY_LABEL"
			>
				<option value="">JGLOBAL_USE_GLOBAL</option>
				<option value="use_article">COM_CONTENT_FIELD_VALUE_USE_ARTICLE_SETTINGS</option>
				<option value="0">JHIDE</option>
				<option value="1">JSHOW</option>
			</field>

			<field name="link_category" type="list"
				description="JGLOBAL_LINK_CATEGORY_DESC"
				label="JGLOBAL_LINK_CATEGORY_LABEL"
			>
				<option value="">JGLOBAL_USE_GLOBAL</option>
				<option value="use_article">COM_CONTENT_FIELD_VALUE_USE_ARTICLE_SETTINGS</option>
				<option value="0">JNO</option>
				<option value="1">JYES</option>
			</field>

			<field name="show_parent_category" type="list"
				description="JGLOBAL_SHOW_PARENT_CATEGORY_DESC"
				label="JGLOBAL_SHOW_PARENT_CATEGORY_LABEL"
			>
				<option value="">JGLOBAL_USE_GLOBAL</option>
				<option value="use_article">COM_CONTENT_FIELD_VALUE_USE_ARTICLE_SETTINGS</option>
				<option value="0">JHIDE</option>
				<option value="1">JSHOW</option>
			</field>

			<field name="link_parent_category" type="list"
				description="JGLOBAL_LINK_PARENT_CATEGORY_DESC"
				label="JGLOBAL_LINK_PARENT_CATEGORY_LABEL"
			>
				<option value="">JGLOBAL_USE_GLOBAL</option>
				<option value="use_article">COM_CONTENT_FIELD_VALUE_USE_ARTICLE_SETTINGS</option>
				<option value="0">JNO</option>
				<option value="1">JYES</option>
			</field>

			<field name="show_author" type="list"
				description="JGLOBAL_SHOW_AUTHOR_DESC"
				label="JGLOBAL_SHOW_AUTHOR_LABEL"
			>
				<option value="">JGLOBAL_USE_GLOBAL</option>
				<option value="use_article">COM_CONTENT_FIELD_VALUE_USE_ARTICLE_SETTINGS</option>
				<option value="0">JHIDE</option>
				<option value="1">JSHOW</option>
			</field>

			<field name="link_author" type="list"
				description="JGLOBAL_LINK_AUTHOR_DESC"
				label="JGLOBAL_LINK_AUTHOR_LABEL"
			>
				<option value="">JGLOBAL_USE_GLOBAL</option>
				<option value="use_article">COM_CONTENT_FIELD_VALUE_USE_ARTICLE_SETTINGS</option>
				<option value="0">JNo</option>
				<option value="1">JYes</option>
			</field>

			<field name="show_create_date" type="list"
				description="JGLOBAL_SHOW_CREATE_DATE_DESC"
				label="JGLOBAL_SHOW_CREATE_DATE_LABEL"
			>
				<option value="">JGLOBAL_USE_GLOBAL</option>
				<option value="use_article">COM_CONTENT_FIELD_VALUE_USE_ARTICLE_SETTINGS</option>
				<option value="0">JHIDE</option>
				<option value="1">JSHOW</option>
			</field>

			<field name="show_modify_date" type="list"
				description="JGLOBAL_SHOW_MODIFY_DATE_DESC"
				label="JGLOBAL_SHOW_MODIFY_DATE_LABEL"
			>
				<option value="">JGLOBAL_USE_GLOBAL</option>
				<option value="use_article">COM_CONTENT_FIELD_VALUE_USE_ARTICLE_SETTINGS</option>
				<option value="0">JHIDE</option>
				<option value="1">JSHOW</option>
			</field>

			<field name="show_publish_date" type="list"
				description="JGLOBAL_SHOW_PUBLISH_DATE_DESC"
				label="JGLOBAL_SHOW_PUBLISH_DATE_LABEL"
			>
				<option value="">JGLOBAL_USE_GLOBAL</option>
				<option value="use_article">COM_CONTENT_FIELD_VALUE_USE_ARTICLE_SETTINGS</option>
				<option value="0">JHIDE</option>
				<option value="1">JSHOW</option>
			</field>

			<field name="show_item_navigation" type="list"
				description="JGLOBAL_SHOW_NAVIGATION_DESC"
				label="JGLOBAL_SHOW_NAVIGATION_LABEL"
			>
				<option value="">JGLOBAL_USE_GLOBAL</option>
				<option value="use_article">COM_CONTENT_FIELD_VALUE_USE_ARTICLE_SETTINGS</option>
				<option value="0">JHIDE</option>
				<option value="1">JSHOW</option>
			</field>


			<field
			name="show_vote" type="list"
			label="JGLOBAL_SHOW_VOTE_LABEL"
			description="JGLOBAL_SHOW_VOTE_DESC"
			>
				<option value="">JGLOBAL_USE_GLOBAL</option>
				<option value="use_article">COM_CONTENT_FIELD_VALUE_USE_ARTICLE_SETTINGS</option>
				<option value="0">JHIDE</option>
				<option	value="1">JSHOW</option>
			</field>

			<field
				name="show_readmore"
				type="list"
				description="JGLOBAL_SHOW_READMORE_DESC"
				label="JGLOBAL_SHOW_READMORE_LABEL"
			>
				<option value="">JGLOBAL_USE_GLOBAL</option>
				<option value="0">JHIDE</option>
				<option value="1">JSHOW</option>
			</field>

			<field
				name="show_readmore_title"
				type="list"
				label="JGLOBAL_SHOW_READMORE_TITLE_LABEL"
				description="JGLOBAL_SHOW_READMORE_TITLE_DESC"
			>
				<option value="">JGLOBAL_USE_GLOBAL</option>
				<option value="0">JHIDE</option>
				<option value="1">JSHOW</option>
			</field>

			<field name="show_icons" type="list"
				description="JGLOBAL_SHOW_ICONS_DESC"
				label="JGLOBAL_SHOW_ICONS_LABEL"
			>
				<option value="">JGLOBAL_USE_GLOBAL</option>
				<option value="use_article">COM_CONTENT_FIELD_VALUE_USE_ARTICLE_SETTINGS</option>
				<option value="0">JHIDE</option>
				<option value="1">JSHOW</option>
			</field>

			<field name="show_print_icon" type="list"
				description="JGLOBAL_SHOW_PRINT_ICON_DESC"
				label="JGLOBAL_SHOW_PRINT_ICON_LABEL"
			>
				<option value="">JGLOBAL_USE_GLOBAL</option>
				<option value="use_article">COM_CONTENT_FIELD_VALUE_USE_ARTICLE_SETTINGS</option>
				<option value="0">JHIDE</option>
				<option value="1">JSHOW</option>
			</field>

			<field name="show_email_icon" type="list"
				description="JGLOBAL_Show_Email_Icon_Desc"
				label="JGLOBAL_Show_Email_Icon_Label"
			>
				<option value="">JGLOBAL_USE_GLOBAL</option>
				<option value="use_article">COM_CONTENT_FIELD_VALUE_USE_ARTICLE_SETTINGS</option>
				<option value="0">JHIDE</option>
				<option value="1">JSHOW</option>
			</field>

			<field name="show_hits" type="list"
				description="JGLOBAL_SHOW_HITS_DESC"
				label="JGLOBAL_SHOW_HITS_LABEL"
			>
				<option value="">JGLOBAL_USE_GLOBAL</option>
				<option value="use_article">COM_CONTENT_FIELD_VALUE_USE_ARTICLE_SETTINGS</option>
				<option value="0">JHIDE</option>
				<option value="1">JSHOW</option>
			</field>

			<field name="show_noauth" type="list"
				description="JGLOBAL_SHOW_UNAUTH_LINKS_DESC"
				label="JGLOBAL_SHOW_UNAUTH_LINKS_LABEL"
			>
				<option value="">JGLOBAL_USE_GLOBAL</option>
				<option value="use_article">COM_CONTENT_FIELD_VALUE_USE_ARTICLE_SETTINGS</option>
				<option value="0">JNO</option>
				<option value="1">JYES</option>
			</field>

		</fieldset>
		<fieldset name="integration">

			<field name="show_feed_link" type="list"
				description="JGLOBAL_SHOW_FEED_LINK_DESC"
				label="JGLOBAL_SHOW_FEED_LINK_LABEL"
			>
				<option value="">JGLOBAL_USE_GLOBAL</option>
				<option value="0">JHIDE</option>
				<option value="1">JSHOW</option>
			</field>

			<field name="feed_summary" type="list"
				description="JGLOBAL_FEED_SUMMARY_DESC"
				label="JGLOBAL_FEED_SUMMARY_LABEL"
			>
				<option value="">JGLOBAL_USE_GLOBAL</option>
				<option value="0">JGLOBAL_INTRO_TEXT</option>
				<option value="1">JGLOBAL_FULL_TEXT</option>
			</field>
		</fieldset>
	</fields>
</metadata>