﻿<?xml version="1.0" encoding="utf-8" ?>
<extension type="module" version="3.0" client="site" method="upgrade">
	<name>mod_simplechatsupport</name>
	<author>Envolute</author>
	<creationDate>February 2014</creationDate>
	<copyright>Copyright(C)2012 Open Source Matters. All rights reserved.</copyright>
	<license>GNU General Public License version 2 or later; seeLICENSE.txt</license>
	<authorEmail>dev@envolute.com</authorEmail>
	<authorUrl>www.envolute.com</authorUrl>
	<version>1.0.0</version>
	<description>Simple Chat Support</description>
	<files>
		<filename module="mod_simplechatsupport">mod_simplechatsupport.php</filename>
		<filename>index.html</filename>
		<folder>assets</folder>
		<folder>tmpl</folder>
		<filename>mod_simplechatsupport.xml</filename>
	</files>
	<languages>
		<language tag="en-GB">language/en-GB.mod_simplechatsupport.ini</language>
		<language tag="en-GB">language/en-GB.mod_simplechatsupport.sys.ini</language>
		<language tag="pt-BR">language/pt-BR.mod_simplechatsupport.ini</language>
		<language tag="pt-BR">language/pt-BR.mod_simplechatsupport.sys.ini</language>
	</languages>
	<config>
		<fields name="params">
			<fieldset name="basic">
				<field name="type" type="radio" default="1" class="btn-group" label="MOD_SIMPLECHATSUPPORT_TYPE_LABEL" description="MOD_SIMPLECHATSUPPORT_TYPE_DESC">
					<option value="0">MOD_SIMPLECHATSUPPORT_NEVER</option>
					<option value="1">MOD_SIMPLECHATSUPPORT_ONLINE</option>
					<option value="2">MOD_SIMPLECHATSUPPORT_ALWAYS</option>
				</field>
				<field name="mobile" type="radio" default="0" class="btn-group" label="MOD_SIMPLECHATSUPPORT_SHOW_MOBILE_LABEL" description="MOD_SIMPLECHATSUPPORT_SHOW_MOBILE_DESC">
					<option value="0">JNO</option>
					<option value="1">JYES</option>
				</field>
				<field name="header" type="text" class="input-xxlarge" filter="raw" label="MOD_SIMPLECHATSUPPORT_HEADER_LABEL" description="MOD_SIMPLECHATSUPPORT_HEADER_DESC"></field>
				<field name="vertical_position" type="radio" default="bottom" class="btn-group" label="MOD_SIMPLECHATSUPPORT_VERTICAL_POSITION_LABEL">
					<option value="bottom">MOD_SIMPLECHATSUPPORT_BOTTOM</option>
					<option value="top">MOD_SIMPLECHATSUPPORT_TOP</option>
				</field>
				<field name="vertical_distance" type="text" filter="number" default="0" label="MOD_SIMPLECHATSUPPORT_VERTICAL_DISTANCE_LABEL" description="MOD_SIMPLECHATSUPPORT_VERTICAL_DISTANCE_DESC"></field>
				<field name="horizontal_position" type="radio" default="right" class="btn-group" label="MOD_SIMPLECHATSUPPORT_HORIZONTAL_POSITION_LABEL">
					<option value="right">MOD_SIMPLECHATSUPPORT_RIGHT</option>
					<option value="left">MOD_SIMPLECHATSUPPORT_LEFT</option>
				</field>
				<field name="horizontal_distance" type="text" filter="number" default="10" label="MOD_SIMPLECHATSUPPORT_HORIZONTAL_DISTANCE_LABEL" description="MOD_SIMPLECHATSUPPORT_HORIZONTAL_DISTANCE_DESC"></field>
				
				<field name="header_background_default" type="text" filter="string" default="#f80" label="MOD_SIMPLECHATSUPPORT_HEADER_BACKGROUND_DEFAULT_LABEL" description="MOD_SIMPLECHATSUPPORT_HEADER_BACKGROUND_DEFAULT_DESC"></field>
				<field name="header_color_default" type="text" filter="string" default="#fff" label="MOD_SIMPLECHATSUPPORT_HEADER_COLOR_DEFAULT_LABEL" description="MOD_SIMPLECHATSUPPORT_HEADER_COLOR_DEFAULT_DESC"></field>
				
				<field name="header_background_call" type="text" filter="string" default="#0d0" label="MOD_SIMPLECHATSUPPORT_HEADER_BACKGROUND_CALL_LABEL" description="MOD_SIMPLECHATSUPPORT_HEADER_BACKGROUND_CALL_DESC"></field>
				<field name="header_color_call" type="text" filter="string" default="#fff" label="MOD_SIMPLECHATSUPPORT_HEADER_COLOR_CALL_LABEL" description="MOD_SIMPLECHATSUPPORT_HEADER_COLOR_CALL_DESC"></field>
			</fieldset>
			<fieldset name="advanced">
				<field name="moduleclass_sfx" type="text" label="COM_MODULES_FIELD_MODULECLASS_SFX_LABEL" desc="COM_MODULES_FIELD_MODULECLASS_SFX_DESC"/>
				<field name="css" type="textarea" filter="raw" rows="5" class="input-xxlarge" label="MOD_SIMPLECHATSUPPORT_CSS_LABEL" description="MOD_SIMPLECHATSUPPORT_CSS_DESC"></field>
				<field name="script" type="textarea" filter="raw" rows="5" class="input-xxlarge" label="MOD_SIMPLECHATSUPPORT_SCRIPT_LABEL" description="MOD_SIMPLECHATSUPPORT_SCRIPT_DESC"></field>
			</fieldset>
		</fields>
	</config>
</extension>