<?xml version="1.0" encoding="utf-8"?>
<metadata>
	<layout title="COM_CONFIG_CONFIG_VIEW_DEFAULT_TITLE" option="COM_CONFIG_CONFIG_VIEW_DEFAULT_OPTION">
		<help
			key = "JHELP_MENUS_MENU_ITEM_DISPLAY_SITE_CONFIGURATION"
		/>
		<message>
			<![CDATA[COM_CONFIG_CONFIG_VIEW_DEFAULT_DESC]]>
		</message>
	</layout>
	<fields name="request">
		<fieldset name="request">
			<field name="controller" 
				type="hidden"
				default="config.display.config"
			/>
		</fieldset>
	</fields>
</metadata>